N;Bubble1;Merge1;Quick1;Bubble2;Merge2;Quick2;Bubble3;Merge3;Quick3;Bubble4;Merge4;Quick4;Bubble5;Merge5;Quick5
4;6;4;4;6;4;4;6;4;4;6;4;4;6;4;4
8;28;16;16;28;16;16;28;16;16;28;16;16;28;16;16
16;120;45;54;120;45;54;120;45;54;120;45;54;120;45;54
32;496;125;137;496;125;137;496;125;137;496;125;137;496;125;137
64;2016;306;376;2016;306;376;2016;306;376;2016;306;376;2016;306;376
128;8128;741;858;8128;741;858;8128;741;858;8128;741;858;8128;741;858
256;32640;1726;2010;32640;1726;2010;32640;1726;2010;32640;1726;2010;32640;1726;2010
512;130816;3975;5047;130816;3975;5047;130816;3975;5047;130816;3975;5047;130816;3975;5047
1024;523776;8906;13731;523776;8906;13731;523776;8906;13731;523776;8906;13731;523776;8906;13731
2048;2096128;19928;36093;2096128;19928;36093;2096128;19928;36093;2096128;19928;36093;2096128;19928;36093
4096;8386560;43962;103164;8386560;43962;103164;8386560;43962;103164;8386560;43962;103164;8386560;43962;103164
